<?xml version="1.0" encoding="UTF-8"?>
<project-private xmlns="http://www.netbeans.org/ns/project-private/1">
    <editor-bookmarks xmlns="http://www.netbeans.org/ns/editor-bookmarks/2" lastBookmarkId="0"/>
    <open-files xmlns="http://www.netbeans.org/ns/projectui-open-files/2">
        <group>
            <file>file:/C:/Users/DELL/Pictures/Saved%20Pictures/Celebrate%20Mashaba_ST10055395/java/javaAssignment2/src/javaassignment2/saveProducts.java</file>
            <file>file:/C:/Users/DELL/Pictures/Saved%20Pictures/Celebrate%20Mashaba_ST10055395/java/javaAssignment2/src/javaassignment2/MainPrograme.java</file>
        </group>
    </open-files>
</project-private>
