<?xml version="1.0" encoding="UTF-8"?>
<project-private xmlns="http://www.netbeans.org/ns/project-private/1">
    <editor-bookmarks xmlns="http://www.netbeans.org/ns/editor-bookmarks/2" lastBookmarkId="0"/>
    <open-files xmlns="http://www.netbeans.org/ns/projectui-open-files/2">
        <group>
            <file>file:/home/wtc/Documents/EXERCISES/POE_Task_3/src/main/Login.java</file>
            <file>file:/home/wtc/Documents/EXERCISES/POE_Task_3/test/main/LoginTest.java</file>
            <file>file:/home/wtc/Documents/EXERCISES/POE_Task_3/src/main/Task.java</file>
            <file>file:/home/wtc/Documents/EXERCISES/POE_Task_3/src/main/StartApplication.java</file>
            <file>file:/home/wtc/Documents/EXERCISES/POE_Task_3/test/main/TaskTest.java</file>
        </group>
    </open-files>
</project-private>
